{"zoom": 19.19434249577509, "pan_x": 60.80000000000001, "pan_y": -46.80000000000001}