{"zoom": 19.19434249577509, "pan_x": 4.897276373008881, "pan_y": -67.10310604718573}