{"zoom": 19.19434249577509, "pan_x": 38.55302676624028, "pan_y": -150.25260701869848}